Cluster,Relative abundance
A2_6_7,0.00183887
A4,0.28746949
A8_10,0.00146585
YL,0.31844784