Cluster,Relative abundance
A2_6_7,0.17962739
A4,0.00143949
A8_10,0.33255878
YL,0.00036369